{
  "curve": [
    [
      0.6798780487804879,
      0.9146341463414633
    ],
    [
      3.540372670807453,
      2.484472049689441
    ],
    [
      5.588957055214724,
      14.11042944785276
    ],
    [
      7.0,
      14.912280701754385
    ],
    [
      8.544973544973544,
      30.158730158730158
    ],
    [
      10.503184713375797,
      48.40764331210191
    ],
    [
      12.450980392156863,
      67.3202614379085
    ],
    [
      14.490066225165563,
      82.11920529801324
    ],
    [
      16.48905109489051,
      89.05109489051095
    ],
    [
      18.43065693430657,
      96.35036496350365
    ],
    [
      20.96551724137931,
      99.3103448275862
    ],
    [
      24.43125,
      100.0
    ],
    [
      29.19858156028369,
      100.0
    ],
    [
      40.11594202898551,
      100.0
    ]
  ],
  "horizonYears": 20,
  "pyStep": 0.5,
  "ranges": {
    "packYears": {
      "min": 0.0,
      "max": 60.0
    },
    "cigsPerDay": {
      "min": 0.0,
      "max": 44.0
    }
  },
  "defaults": {
    "packYears": 12.0,
    "cigsPerDay": 15.0
  }
}